{"roundTime": 0.0771794319152832, "Session key": 115169884777432905515045890525590739159229818951427747881981341836367831168891}{"roundTime": 0.07356667518615723, "Session key": 114300806368445199664242066140201331901530064313193523842066429821135039859698}{"roundTime": 0.0814826488494873, "Session key": 67048128741393877276448710948756770360850644133125975555622941651117665508948}{"roundTime": 0.06986093521118164, "Session key": 82457998651475336239512009890630587071208095724312938643466423182849031343554}{"roundTime": 0.07370543479919434, "Session key": 86933730451236323058861694836042136078677763299863398102317880358515489836925}{"roundTime": 0.06976318359375, "Session key": 99718330508975514527060816866624383035264965665025780566753562699406677666195}{"roundTime": 0.08445954322814941, "Session key": 99567838565887256186291180709196049242231155930769789460891160725833164246660}{"roundTime": 0.08014178276062012, "Session key": 25518264033400986777078609281715183624723169965544499216798741180167617912925}{"roundTime": 0.07715511322021484, "Session key": 109488141279271424644663252714840277573365359550146197121253903265832830760575}